İhaleyi Veren Kurum;İhale Detayları
MUĞLA BÜYÜKŞEHİR BELEDİYE BAŞKANLIĞI DESTEK HİZMETLERİ DAİRESİ BAŞKANLIĞI;Felaket Kurtarma Merkezi Hizmeti ve Yan Donanımları ile Yedekleme Sistemleri | 2026/1381058 | MUĞLA, 01.09.2026 11:00
MUĞLA BÜYÜKŞEHİR BELEDİYE BAŞKANLIĞI DESTEK HİZMETLERİ DAİRESİ BAŞKANLIĞI;Felaket Kurtarma Merkezi Hizmeti ve Yan Donanımları ile Yedekleme Sistemleri | 2026/1381058 | MUĞLA, 01.09.2026 11:00
JANDARMA VE SAHİL GÜVENLİK AKADEMİSİ BAŞKANLIĞI;GÜVENLİK BİLGİLERİ VE OLAY YÖNETİMİ (SIEM) YAZILIMI (PROGRAM) MAL ALIMI | 2026/1333234 | ANKARA, 01.09.2026 10:00
JANDARMA VE SAHİL GÜVENLİK AKADEMİSİ BAŞKANLIĞI;GÜVENLİK BİLGİLERİ VE OLAY YÖNETİMİ (SIEM) YAZILIMI (PROGRAM) MAL ALIMI | 2026/1333234 | ANKARA, 01.09.2026 10:00
TÜRKİYE TURİZM TANITIM VE GELİŞTİRME AJANSI GENEL MÜDÜRLÜĞÜ;Microsoft Lisan Yenileme Hizmet Alımı | 2026/1455582 | İSTANBUL, 31.08.2026 11:00
TÜRKİYE TURİZM TANITIM VE GELİŞTİRME AJANSI GENEL MÜDÜRLÜĞÜ;Microsoft Lisan Yenileme Hizmet Alımı | 2026/1455582 | İSTANBUL, 31.08.2026 11:00
EMNİYET GENEL MÜDÜRLÜĞÜ DESTEK HİZMETLERİ DAİRE BAŞKANLIĞI;Araç İçi Kamera Sistemi | 2026/1324106 | ANKARA, 31.08.2026 11:00
EMNİYET GENEL MÜDÜRLÜĞÜ DESTEK HİZMETLERİ DAİRE BAŞKANLIĞI;Araç İçi Kamera Sistemi | 2026/1324106 | ANKARA, 31.08.2026 11:00
ENERJİ PİYASASI DÜZENLEME KURUMU BAŞKANLIĞI İNSAN KAYNAKLARI VE DESTEK HİZMETLERİ DAİRESİ BAŞKANLIĞI;Sunucu ve Veri Depolama Ünitesi Alımı | 2026/1370520 | ANKARA, 28.08.2026 10:30
ENERJİ PİYASASI DÜZENLEME KURUMU BAŞKANLIĞI İNSAN KAYNAKLARI VE DESTEK HİZMETLERİ DAİRESİ BAŞKANLIĞI;Sunucu ve Veri Depolama Ünitesi Alımı | 2026/1370520 | ANKARA, 28.08.2026 10:30
BAŞAKŞEHİR BELEDİYE BAŞKANLIĞI BİLGİ İŞLEM MÜDÜRLÜĞÜ;KONTROLLÜ GEÇİŞ EKİPMANLARI, EL ALETLERİ VE ELEKTRONİK MALZEME ALIMI | 2026/1415678 | İSTANBUL, 28.08.2026 10:30
BAŞAKŞEHİR BELEDİYE BAŞKANLIĞI BİLGİ İŞLEM MÜDÜRLÜĞÜ;KONTROLLÜ GEÇİŞ EKİPMANLARI, EL ALETLERİ VE ELEKTRONİK MALZEME ALIMI | 2026/1415678 | İSTANBUL, 28.08.2026 10:30
İSTANBUL ÜNİVERSİTESİ-CERRAHPAŞA REKTÖRLÜĞÜ CERRAHPAŞA TIP FAKÜLTESİ DEKANLIĞI;3 KALEM BİLİŞİM ALTYAPISI CİHAZLARI TEMİNİ | 2026/1258188 | İSTANBUL, 27.08.2026 11:00
İSTANBUL ÜNİVERSİTESİ-CERRAHPAŞA REKTÖRLÜĞÜ CERRAHPAŞA TIP FAKÜLTESİ DEKANLIĞI;3 KALEM BİLİŞİM ALTYAPISI CİHAZLARI TEMİNİ | 2026/1258188 | İSTANBUL, 27.08.2026 11:00
FIRAT ÜNİVERSİTESİ REKTÖRLÜĞÜ İDARİ VE MALİ İŞLER DAİRE BAŞKANLIĞI;Yüksek Performanslı Sunucu Sistemi | 2026/1385279 | ELAZIĞ, 26.08.2026 10:00
FIRAT ÜNİVERSİTESİ REKTÖRLÜĞÜ İDARİ VE MALİ İŞLER DAİRE BAŞKANLIĞI;Yüksek Performanslı Sunucu Sistemi | 2026/1385279 | ELAZIĞ, 26.08.2026 10:00
MİLLİ EĞİTİM BAKANLIĞI DESTEK HİZMETLERİ GENEL MÜDÜRLÜĞÜ;TTKB YÖNETİM KARAR VE DESTEK SİSTEMİ YAZILIMI | 2026/1376512 | ANKARA, 25.08.2026 10:00
MİLLİ EĞİTİM BAKANLIĞI DESTEK HİZMETLERİ GENEL MÜDÜRLÜĞÜ;TTKB YÖNETİM KARAR VE DESTEK SİSTEMİ YAZILIMI | 2026/1376512 | ANKARA, 25.08.2026 10:00
MALATYA SU VE KANALİZASYON İDARESİ GENEL MÜDÜRLÜĞÜ;HİPER BÜTÜNLEŞİK SUNUCU ALIM İŞİ | 2026/1407676 | MALATYA, 24.08.2026 10:30
MALATYA SU VE KANALİZASYON İDARESİ GENEL MÜDÜRLÜĞÜ;HİPER BÜTÜNLEŞİK SUNUCU ALIM İŞİ | 2026/1407676 | MALATYA, 24.08.2026 10:30
KOCAELİ BÜYÜKŞEHİR BELEDİYE BAŞKANLIĞI DESTEK HİZMETLERİ DAİRESİ BAŞKANLIĞI İHALE İŞLERİ ŞUBE MÜDÜRLÜĞÜ;İHA | 2026/1413128 | KOCAELİ, 21.08.2026 15:00
KOCAELİ BÜYÜKŞEHİR BELEDİYE BAŞKANLIĞI DESTEK HİZMETLERİ DAİRESİ BAŞKANLIĞI İHALE İŞLERİ ŞUBE MÜDÜRLÜĞÜ;İHA | 2026/1413128 | KOCAELİ, 21.08.2026 15:00
İLLER BANKASI ANONİM ŞİRKETİ GENEL MÜDÜRLÜĞÜ YATIRIM KOORDİNASYON DAİRESİ BAŞKANLIĞI;İller Bankası AŞ Ağ Performansı İzleme Yazılımı Alım İşi | 2026/1372432 | ANKARA, 21.08.2026 11:00
İLLER BANKASI ANONİM ŞİRKETİ GENEL MÜDÜRLÜĞÜ YATIRIM KOORDİNASYON DAİRESİ BAŞKANLIĞI;İller Bankası AŞ Ağ Performansı İzleme Yazılımı Alım İşi | 2026/1372432 | ANKARA, 21.08.2026 11:00
İZMİR SU VE KANALİZASYON İDARESİ GENEL MÜDÜRLÜĞÜ;DATALOGGER VE EKİPMANLARI ALIMI | 2026/1291259 | İZMİR, 18.08.2026 10:30
İZMİR SU VE KANALİZASYON İDARESİ GENEL MÜDÜRLÜĞÜ;DATALOGGER VE EKİPMANLARI ALIMI | 2026/1291259 | İZMİR, 18.08.2026 10:30
BURSA ULUDAĞ ÜNİVERSİTESİ REKTÖRLÜĞÜ BURSA ULUDAĞ ÜNİVERSİTESİ HASTANESİ BAŞHEKİMLİĞİ;BURSA ULUDAĞ ÜNİVERSİTESİ HASTANESİ SUNUCU VE DEPOLAMA ÜNİTESİ ALIMI | 2026/1313335 | BURSA, 17.08.2026 11:00
BURSA ULUDAĞ ÜNİVERSİTESİ REKTÖRLÜĞÜ BURSA ULUDAĞ ÜNİVERSİTESİ HASTANESİ BAŞHEKİMLİĞİ;BURSA ULUDAĞ ÜNİVERSİTESİ HASTANESİ SUNUCU VE DEPOLAMA ÜNİTESİ ALIMI | 2026/1313335 | BURSA, 17.08.2026 11:00
TRABZON BÜYÜKŞEHİR BELEDİYE BAŞKANLIĞI DESTEK HİZMETLERİ DAİRESİ BAŞKANLIĞI;Yapay Zeka Destekli Hizmet Takibi ve Sanal Asistan Uygulaması | 2026/1368616 | TRABZON, 17.08.2026 10:30
TRABZON BÜYÜKŞEHİR BELEDİYE BAŞKANLIĞI DESTEK HİZMETLERİ DAİRESİ BAŞKANLIĞI;Yapay Zeka Destekli Hizmet Takibi ve Sanal Asistan Uygulaması | 2026/1368616 | TRABZON, 17.08.2026 10:30
SİVAS BELEDİYE BAŞKANLIĞI BİLGİ İŞLEM MÜDÜRLÜĞÜ;VERİ DEPOLAMA ÜNİTESİ DİSK ÇEKMECESİ | 2026/1327662 | SİVAS, 17.08.2026 10:00
SİVAS BELEDİYE BAŞKANLIĞI BİLGİ İŞLEM MÜDÜRLÜĞÜ;VERİ DEPOLAMA ÜNİTESİ DİSK ÇEKMECESİ | 2026/1327662 | SİVAS, 17.08.2026 10:00
SANCAKTEPE BELEDİYE BAŞKANLIĞI DESTEK HİZMETLERİ MÜDÜRLÜĞÜ;YAPAY ZEKALI AKILLI TAKİP VE ATIK YÖNETİMİ MAL ALIMI İŞİ | 2026/1339080 | İSTANBUL, 14.08.2026 11:00
SANCAKTEPE BELEDİYE BAŞKANLIĞI DESTEK HİZMETLERİ MÜDÜRLÜĞÜ;YAPAY ZEKALI AKILLI TAKİP VE ATIK YÖNETİMİ MAL ALIMI İŞİ | 2026/1339080 | İSTANBUL, 14.08.2026 11:00
KADIKÖY BELEDİYE BAŞKANLIĞI KÜLTÜR, SANAT VE SOSYAL İŞLER MÜDÜRLÜĞÜ;2026-2027 EĞİTİM ÖĞRETİM YILI ÇEVRİMİÇİ EĞİTİM SETİ | 2026/1357211 | İSTANBUL, 14.08.2026 11:00
KADIKÖY BELEDİYE BAŞKANLIĞI KÜLTÜR, SANAT VE SOSYAL İŞLER MÜDÜRLÜĞÜ;2026-2027 EĞİTİM ÖĞRETİM YILI ÇEVRİMİÇİ EĞİTİM SETİ | 2026/1357211 | İSTANBUL, 14.08.2026 11:00
TUZLA BELEDİYE BAŞKANLIĞI DESTEK HİZMETLERİ MÜDÜRLÜĞÜ;TUZLA BELEDİYESİ KOÇ PATİ REHABİLİTASYON MERKEZİ ÇEVRE DUVARI, SERT ZEMİN, ÇEVRE AYDINLATMA İŞLERİNİN YAPILMASI | 2026/1259649 | İSTANBUL, 14.08.2026 10:30
TUZLA BELEDİYE BAŞKANLIĞI DESTEK HİZMETLERİ MÜDÜRLÜĞÜ;TUZLA BELEDİYESİ KOÇ PATİ REHABİLİTASYON MERKEZİ ÇEVRE DUVARI, SERT ZEMİN, ÇEVRE AYDINLATMA İŞLERİNİN YAPILMASI | 2026/1259649 | İSTANBUL, 14.08.2026 10:30
KARAMAN GENÇLİK VE SPOR İL MÜDÜRLÜĞÜ;Akıllı Geçiş Kontrol Sistemi Alımı İşi | 2026/1344030 | KARAMAN, 14.08.2026 10:00
KARAMAN GENÇLİK VE SPOR İL MÜDÜRLÜĞÜ;Akıllı Geçiş Kontrol Sistemi Alımı İşi | 2026/1344030 | KARAMAN, 14.08.2026 10:00
KOCAELİ BÜYÜKŞEHİR BELEDİYE BAŞKANLIĞI DESTEK HİZMETLERİ DAİRESİ BAŞKANLIĞI İHALE İŞLERİ ŞUBE MÜDÜRLÜĞÜ;GPU Kaynaklı Sunucu | 2026/1287828 | KOCAELİ, 13.08.2026 15:00
KOCAELİ BÜYÜKŞEHİR BELEDİYE BAŞKANLIĞI DESTEK HİZMETLERİ DAİRESİ BAŞKANLIĞI İHALE İŞLERİ ŞUBE MÜDÜRLÜĞÜ;GPU Kaynaklı Sunucu | 2026/1287828 | KOCAELİ, 13.08.2026 15:00
AKSARAY İL SAĞLIK MÜDÜRLÜĞÜ AKSARAY EĞİTİM VE ARAŞTIRMA HASTANESİ BAŞHEKİMLİĞİ;SUNUCU DİSKİ ALIMI | 2026/1448278 | AKSARAY, 13.08.2026 11:00
AKSARAY İL SAĞLIK MÜDÜRLÜĞÜ AKSARAY EĞİTİM VE ARAŞTIRMA HASTANESİ BAŞHEKİMLİĞİ;SUNUCU DİSKİ ALIMI | 2026/1448278 | AKSARAY, 13.08.2026 11:00
KAHRAMANMARAŞ BÜYÜKŞEHİR BELEDİYE BAŞKANLIĞI SOSYAL HİZMETLER DAİRESİ BAŞKANLIĞI;MANEVİ EVLAT BUTONU ALIMI | 2026/1309898 | KAHRAMANMARAŞ, 12.08.2026 10:30
KAHRAMANMARAŞ BÜYÜKŞEHİR BELEDİYE BAŞKANLIĞI SOSYAL HİZMETLER DAİRESİ BAŞKANLIĞI;MANEVİ EVLAT BUTONU ALIMI | 2026/1309898 | KAHRAMANMARAŞ, 12.08.2026 10:30
TÜRKİYE RAYLI SİSTEM ARAÇLARI SANAYİİ ANONİM ŞİRKETİ GENEL MÜDÜRLÜĞÜ SATIN ALMA DAİRE BAŞKANLIĞI;Generative AI (Üretken Yapay Zeka) ISG Sistemi ve Donanımı Alımı | 2026/1350871 | ANKARA, 10.08.2026 14:00
TÜRKİYE RAYLI SİSTEM ARAÇLARI SANAYİİ ANONİM ŞİRKETİ GENEL MÜDÜRLÜĞÜ SATIN ALMA DAİRE BAŞKANLIĞI;Generative AI (Üretken Yapay Zeka) ISG Sistemi ve Donanımı Alımı | 2026/1350871 | ANKARA, 10.08.2026 14:00
BAYRAMPAŞA BELEDİYE BAŞKANLIĞI DESTEK HİZMETLERİ MÜDÜRLÜĞÜ;2 Kısımlı Dijital ve Kurumsal Arşiv Yönetim Sistemi Yazılımı ve Yapay Zeka Destekli Sıfır Atık Toplama Analiz ve Yönetim Sistemi | 2026/1360913 | İSTANBUL, 10.08.2026 11:00
BAYRAMPAŞA BELEDİYE BAŞKANLIĞI DESTEK HİZMETLERİ MÜDÜRLÜĞÜ;2 Kısımlı Dijital ve Kurumsal Arşiv Yönetim Sistemi Yazılımı ve Yapay Zeka Destekli Sıfır Atık Toplama Analiz ve Yönetim Sistemi | 2026/1360913 | İSTANBUL, 10.08.2026 11:00
DESTEK HİZMETLERİ MÜDÜRLÜĞÜ;Bilgisayar Sarf Malzeme ve Güvenlik Yazılımı Alımı | 2026/1323653 | ADANA, 10.08.2026 10:00
DESTEK HİZMETLERİ MÜDÜRLÜĞÜ;Bilgisayar Sarf Malzeme ve Güvenlik Yazılımı Alımı | 2026/1323653 | ADANA, 10.08.2026 10:00
ESENLER BELEDİYE BAŞKANLIĞI MALİ HİZMETLER MÜDÜRLÜĞÜ;15 TEMMUZ MİLLET BAHÇESİ ANONS SİSTEMİ TEMİNİ, KURULUMU, TEST VE DEVREYE ALMA İŞİ | 2026/1298949 | İSTANBUL, 07.08.2026 10:30
ESENLER BELEDİYE BAŞKANLIĞI MALİ HİZMETLER MÜDÜRLÜĞÜ;15 TEMMUZ MİLLET BAHÇESİ ANONS SİSTEMİ TEMİNİ, KURULUMU, TEST VE DEVREYE ALMA İŞİ | 2026/1298949 | İSTANBUL, 07.08.2026 10:30
MANİSA SU VE KANALİZASYON İDARESİ GENEL MÜDÜRLÜĞÜ ELEKTRİK MAKİNE VE MALZEME İKMAL DAİRESİ BAŞKANLIĞI;2026 YILI RF DEPO-POMPA OTAMASYON SİSTEMİ MAL ALIM İŞİ | 2026/1278594 | MANİSA, 07.08.2026 10:30
MANİSA SU VE KANALİZASYON İDARESİ GENEL MÜDÜRLÜĞÜ ELEKTRİK MAKİNE VE MALZEME İKMAL DAİRESİ BAŞKANLIĞI;2026 YILI RF DEPO-POMPA OTAMASYON SİSTEMİ MAL ALIM İŞİ | 2026/1278594 | MANİSA, 07.08.2026 10:30
EGM DESTEK HİZMETLERİ DAİRE BAŞKANLIĞ İÇİŞLERİ BAKANLIĞI EMNİYET GENEL MÜDÜRLÜĞÜ;Üç Boyutlu Tasarım Yazılımı | 2021/303153 | ANKARA, 24.06.2021 11:30
EGM DESTEK HİZMETLERİ DAİRE BAŞKANLIĞ İÇİŞLERİ BAKANLIĞI EMNİYET GENEL MÜDÜRLÜĞÜ;Üç Boyutlu Tasarım Yazılımı | 2021/303153 | ANKARA, 24.06.2021 11:30
Mesleki ve Teknik Anadolu Lisesi- MİLLİ EĞİTİM BAKANLIĞI BAKAN YARDIMCILIKLARI;BEKOLEODER OPERATÖR EĞİTİM SİMÜLATÖRÜ VE KAYNAK EĞİTİM SİMÜLATÖRÜ ALIMI | 2016/348209 | ANKARA, 30.09.2016 09:00
Mesleki ve Teknik Anadolu Lisesi- MİLLİ EĞİTİM BAKANLIĞI BAKAN YARDIMCILIKLARI;BEKOLEODER OPERATÖR EĞİTİM SİMÜLATÖRÜ VE KAYNAK EĞİTİM SİMÜLATÖRÜ ALIMI | 2016/348209 | ANKARA, 30.09.2016 09:00
ANKARA TED.BLG.BŞK (MSB) MİLLİ SAVUNMA BAKANLIĞI MSB BAĞLILARI;PAKET BİLGİSAYAR YAZILIMLARI | 2016/290695 | ANKARA, 26.08.2016 10:00
ANKARA TED.BLG.BŞK (MSB) MİLLİ SAVUNMA BAKANLIĞI MSB BAĞLILARI;PAKET BİLGİSAYAR YAZILIMLARI | 2016/290695 | ANKARA, 26.08.2016 10:00
TÜRKİYE RAYLI SİSTEM ARAÇLARI SANAYİİ ANONİM ŞİRKETİ (TÜRASAŞ) Sivas Bölge Müdürlüğü;SANALLAŞTIRMA VE FELAKET KURTARMA MERKEZİ | 2014/152567 | SİVAS, 12.12.2014 14:30
TÜRKİYE RAYLI SİSTEM ARAÇLARI SANAYİİ ANONİM ŞİRKETİ (TÜRASAŞ) Sivas Bölge Müdürlüğü;SANALLAŞTIRMA VE FELAKET KURTARMA MERKEZİ | 2014/152567 | SİVAS, 12.12.2014 14:30
İstanbul Fatih Kamu Hastane Birliği Genel Sekreterliği SAĞLIK BAKANLIĞI TÜRKİYE KAMU HASTANELERİ KURUMU;Bağlı Hastaneler İhtiyacı 3 Kısım Kamera Sistemi ve Pnömatik Tüp Taşıma Sistemi Alımı | 2014/14852 | İSTANBUL, 13.03.2014 10:00
İstanbul Fatih Kamu Hastane Birliği Genel Sekreterliği SAĞLIK BAKANLIĞI TÜRKİYE KAMU HASTANELERİ KURUMU;Bağlı Hastaneler İhtiyacı 3 Kısım Kamera Sistemi ve Pnömatik Tüp Taşıma Sistemi Alımı | 2014/14852 | İSTANBUL, 13.03.2014 10:00
İSTANBUL BÜYÜKŞEHİR BELEDİYESİ;Akaryakıt Tank Ve Pompa Otomasyon Sistemi Ve Taşıt Tanıma Ünitesi Alımı İşi | 2013/28696 | İSTANBUL, 04.04.2013 10:00
İSTANBUL BÜYÜKŞEHİR BELEDİYESİ;Akaryakıt Tank Ve Pompa Otomasyon Sistemi Ve Taşıt Tanıma Ünitesi Alımı İşi | 2013/28696 | İSTANBUL, 04.04.2013 10:00
İl Özel İdaresi Ağız ve Diş Hastalıkları Hastanesi SAĞLIK BAKANLIĞI BAKAN YARDIMCILIKLARI;01/04/2012-31/12/2014 YILLARI HASTANE BİLGİ YÖNETİM SİSTEMİ HİZMET ALIMI İHALESİ | 2011/184848 | İSTANBUL, 13.01.2012 14:00
İl Özel İdaresi Ağız ve Diş Hastalıkları Hastanesi SAĞLIK BAKANLIĞI BAKAN YARDIMCILIKLARI;01/04/2012-31/12/2014 YILLARI HASTANE BİLGİ YÖNETİM SİSTEMİ HİZMET ALIMI İHALESİ | 2011/184848 | İSTANBUL, 13.01.2012 14:00
Ankara Eğitim ve Araştırma Hastanesi SAĞLIK BAKANLIĞI BAKAN YARDIMCILIKLARI;2012 -2014 MALİ YILLARI HASTANE BİLGİ SİSTEMİ HİZMET SATIN ALIMI İHALESİ | 2011/161626 | ANKARA, 30.11.2011 10:00
Ankara Eğitim ve Araştırma Hastanesi SAĞLIK BAKANLIĞI BAKAN YARDIMCILIKLARI;2012 -2014 MALİ YILLARI HASTANE BİLGİ SİSTEMİ HİZMET SATIN ALIMI İHALESİ | 2011/161626 | ANKARA, 30.11.2011 10:00
Devlet Hastanesi -Akçakale SAĞLIK BAKANLIĞI BAKAN YARDIMCILIKLARI;DİCOM YAZILIM SERVİS HİZMETİ | 2011/183824 | ŞANLIURFA, 28.11.2011 10:00
Devlet Hastanesi -Akçakale SAĞLIK BAKANLIĞI BAKAN YARDIMCILIKLARI;DİCOM YAZILIM SERVİS HİZMETİ | 2011/183824 | ŞANLIURFA, 28.11.2011 10:00
Eğitim ve Araştırma Hastanesi-Şişli Etfal SAĞLIK BAKANLIĞI BAKAN YARDIMCILIKLARI;MAVİ KOD, PEMBE KOD, ACİL SERVİS ÇAĞRI SİSTEMİ | 2010/511269 | İSTANBUL, 14.10.2010 10:00
Eğitim ve Araştırma Hastanesi-Şişli Etfal SAĞLIK BAKANLIĞI BAKAN YARDIMCILIKLARI;MAVİ KOD, PEMBE KOD, ACİL SERVİS ÇAĞRI SİSTEMİ | 2010/511269 | İSTANBUL, 14.10.2010 10:00
ÇEVRE VE ŞEHİRCİLİK BAKANLIĞI MÜSTEŞARLIK Yapı İşleri Genel Müdürlüğü;Bayındırlık ve İskân Bakanlığı Proje Tarama Hizmeti ve Proje Arşiv Yazılımı Temini İşi | 2010/502731 | ANKARA, 14.10.2010 10:00
ÇEVRE VE ŞEHİRCİLİK BAKANLIĞI MÜSTEŞARLIK Yapı İşleri Genel Müdürlüğü;Bayındırlık ve İskân Bakanlığı Proje Tarama Hizmeti ve Proje Arşiv Yazılımı Temini İşi | 2010/502731 | ANKARA, 14.10.2010 10:00
